{
  "p50": 682.1281999999992,
  "p95": 694.4733999999999,
  "durations": [
    645.3261999999995,
    665.5241000000005,
    667.9469000000008,
    670.3209999999999,
    673.0591000000004,
    673.0985000000001,
    674.3334999999988,
    678.5061999999998,
    678.5740000000001,
    682.1281999999992,
    682.3528999999999,
    682.5453999999991,
    682.8827999999994,
    684.3107,
    684.6718000000001,
    687.3296999999993,
    693.4275999999991,
    694.0131000000001,
    694.4733999999999,
    694.7775999999994
  ]
}