{
  "p50": 791.9773000000023,
  "p95": 2114.895800000002,
  "durations": [
    762.4264000000003,
    767.0846999999994,
    769.2086999999992,
    783.8227000000006,
    785.0912000000026,
    785.1160000000018,
    785.5946000000004,
    787.7180999999982,
    789.7921999999999,
    791.9773000000023,
    821.5983000000015,
    850.8099999999977,
    856.4315999999999,
    1026.1624999999985,
    1052.9615000000013,
    1223.7752999999993,
    1445.4526000000005,
    1454.824700000001,
    2114.895800000002,
    2763.6393000000025
  ]
}